{"v":"5.7.8","fr":30,"ip":0,"op":150,"w":400,"h":400,"nm":"abca840cc58f0ac8fc0443d06aa48cb9","ddd":0,"assets":[],"layers":[{"ddd":0,"ind":1,"ty":4,"nm":"Shape Layer 1","sr":1,"ks":{"o":{"a":0,"k":100,"ix":11},"r":{"a":0,"k":0,"ix":10},"p":{"s":true,"x":{"a":0,"k":200,"ix":3},"y":{"a":1,"k":[{"i":{"x":[0.29],"y":[1]},"o":{"x":[0.48],"y":[0]},"t":0,"s":[208]},{"i":{"x":[0.29],"y":[1]},"o":{"x":[0.167],"y":[0]},"t":25.2,"s":[272]},{"i":{"x":[0.52],"y":[1]},"o":{"x":[0.71],"y":[0]},"t":118,"s":[272]},{"t":143.2001953125,"s":[208]}],"ix":4}},"a":{"a":0,"k":[0,0,0],"ix":1,"l":2},"s":{"a":0,"k":[100,100,100],"ix":6,"l":2}},"ao":0,"shapes":[{"ty":"gr","it":[{"ty":"rc","d":1,"s":{"a":0,"k":[119,245],"ix":2},"p":{"a":0,"k":[-10,-7],"ix":3},"r":{"a":0,"k":20,"ix":4},"nm":"Rectangle Path 1","mn":"ADBE Vector Shape - Rect","hd":false},{"d":1,"ty":"el","s":{"a":0,"k":[61,61],"ix":2},"p":{"a":0,"k":[-16,-58],"ix":3},"nm":"Ellipse Path 1","mn":"ADBE Vector Shape - Ellipse","hd":false},{"ind":2,"ty":"sh","ix":3,"ks":{"a":0,"k":{"i":[[0,0],[0,0]],"o":[[0,0],[0,0]],"v":[[26.405,-14.469],[5.924,-35.197]],"c":false},"ix":2},"nm":"Path 1","mn":"ADBE Vector Shape - Group","hd":false},{"ind":3,"ty":"sh","ix":4,"ks":{"a":0,"k":{"i":[[-11.046,0],[0,0]],"o":[[0,0],[11.046,0]],"v":[[-50.62,52.112],[28.38,52.112]],"c":false},"ix":2},"nm":"Path 3","mn":"ADBE Vector Shape - Group","hd":false},{"ind":4,"ty":"sh","ix":5,"ks":{"a":0,"k":{"i":[[-11.046,0],[0,0]],"o":[[0,0],[11.046,0]],"v":[[-49.248,70.027],[29.752,70.027]],"c":false},"ix":2},"nm":"Path 2","mn":"ADBE Vector Shape - Group","hd":false},{"ty":"tm","s":{"a":0,"k":0,"ix":1},"e":{"a":1,"k":[{"i":{"x":[0.667],"y":[1]},"o":{"x":[0.333],"y":[0]},"t":4.5,"s":[100]},{"i":{"x":[0.667],"y":[1]},"o":{"x":[0.167],"y":[0]},"t":26.101,"s":[0]},{"i":{"x":[0.667],"y":[1]},"o":{"x":[0.333],"y":[0]},"t":122.5,"s":[0]},{"t":144.1005859375,"s":[100]}],"ix":2},"o":{"a":0,"k":0,"ix":3},"m":1,"ix":6,"nm":"Trim Paths 1","mn":"ADBE Vector Filter - Trim","hd":false},{"ty":"st","c":{"a":0,"k":[1,0.5372549019607843,0.09019607843137255,1],"ix":3},"o":{"a":0,"k":100,"ix":4},"w":{"a":0,"k":6,"ix":5},"lc":2,"lj":2,"bm":0,"nm":"Stroke 1","mn":"ADBE Vector Graphic - Stroke","hd":false},{"ty":"tr","p":{"a":0,"k":[3,-26],"ix":2},"a":{"a":0,"k":[0,0],"ix":1},"s":{"a":0,"k":[100,100],"ix":3},"r":{"a":0,"k":29,"ix":6},"o":{"a":0,"k":100,"ix":7},"sk":{"a":0,"k":21,"ix":4},"sa":{"a":0,"k":0,"ix":5},"nm":"Transform"}],"nm":"Rectangle 1","np":7,"cix":2,"bm":0,"ix":1,"mn":"ADBE Vector Group","hd":false}],"ip":0,"op":154,"st":0,"bm":0},{"ddd":0,"ind":2,"ty":4,"nm":"Shape Layer 3","sr":1,"ks":{"o":{"a":1,"k":[{"i":{"x":[0.667],"y":[1]},"o":{"x":[0.333],"y":[0]},"t":26.101,"s":[100]},{"i":{"x":[0.667],"y":[1]},"o":{"x":[0.333],"y":[0]},"t":40.5,"s":[0]},{"i":{"x":[0.667],"y":[1]},"o":{"x":[0.333],"y":[0]},"t":93,"s":[0]},{"t":119.701171875,"s":[100]}],"ix":11},"r":{"a":0,"k":0,"ix":10},"p":{"a":0,"k":[200,208,0],"ix":2,"l":2},"a":{"a":0,"k":[0,0,0],"ix":1,"l":2},"s":{"a":0,"k":[100,100,100],"ix":6,"l":2}},"ao":0,"shapes":[{"ty":"gr","it":[{"d":1,"ty":"el","s":{"a":0,"k":[63,63],"ix":2},"p":{"a":1,"k":[{"i":{"x":0.24,"y":1},"o":{"x":0.333,"y":0},"t":23.4,"s":[-22,-18],"to":[-6.5,0],"ti":[6.5,0]},{"i":{"x":0.24,"y":1},"o":{"x":0.333,"y":0},"t":40.5,"s":[-61,-18],"to":[-6.5,0],"ti":[-6.5,0]},{"i":{"x":0.667,"y":1},"o":{"x":0.76,"y":0},"t":90.3,"s":[-61,-18],"to":[6.5,0],"ti":[-6.5,0]},{"t":119.701171875,"s":[-22,-18]}],"ix":3},"nm":"Ellipse Path 1","mn":"ADBE Vector Shape - Ellipse","hd":false},{"ty":"gf","o":{"a":0,"k":100,"ix":10},"r":1,"bm":0,"g":{"p":3,"k":{"a":0,"k":[0,0.933,0.58,0.525,0.5,0.967,0.708,0.551,1,1,0.835,0.576],"ix":9}},"s":{"a":0,"k":[-37.957,6.132],"ix":5},"e":{"a":0,"k":[-3.742,-42.483],"ix":6},"t":1,"nm":"Gradient Fill 1","mn":"ADBE Vector Graphic - G-Fill","hd":false},{"ty":"tr","p":{"a":0,"k":[-2.5,-49.5],"ix":2},"a":{"a":0,"k":[-23.07,-17.887],"ix":1},"s":{"a":0,"k":[100,100],"ix":3},"r":{"a":0,"k":29,"ix":6},"o":{"a":0,"k":100,"ix":7},"sk":{"a":0,"k":21,"ix":4},"sa":{"a":0,"k":0,"ix":5},"nm":"Transform"}],"nm":"Rectangle 2","np":2,"cix":2,"bm":0,"ix":1,"mn":"ADBE Vector Group","hd":false},{"ty":"gr","it":[{"ty":"rc","d":1,"s":{"a":0,"k":[95,53],"ix":2},"p":{"a":1,"k":[{"i":{"x":0.24,"y":1},"o":{"x":0.333,"y":0},"t":23.4,"s":[80,81],"to":[9.167,0],"ti":[-9.167,0]},{"i":{"x":0.24,"y":1},"o":{"x":0.333,"y":0},"t":40.5,"s":[135,81],"to":[9.167,0],"ti":[9.167,0]},{"i":{"x":0.667,"y":1},"o":{"x":0.76,"y":0},"t":90.3,"s":[135,81],"to":[-9.167,0],"ti":[9.167,0]},{"t":119.701171875,"s":[80,81]}],"ix":3},"r":{"a":0,"k":0,"ix":4},"nm":"Rectangle Path 1","mn":"ADBE Vector Shape - Rect","hd":false},{"ty":"gf","o":{"a":0,"k":100,"ix":10},"r":1,"bm":0,"g":{"p":3,"k":{"a":0,"k":[0,0.933,0.58,0.525,0.5,0.967,0.708,0.551,1,1,0.835,0.576],"ix":9}},"s":{"a":0,"k":[41.725,103.253],"ix":5},"e":{"a":0,"k":[118.698,59.387],"ix":6},"t":1,"nm":"Gradient Fill 2","mn":"ADBE Vector Graphic - G-Fill","hd":false},{"ty":"tr","p":{"a":0,"k":[5,68],"ix":2},"a":{"a":0,"k":[78.508,81.245],"ix":1},"s":{"a":0,"k":[100,100],"ix":3},"r":{"a":0,"k":29,"ix":6},"o":{"a":0,"k":100,"ix":7},"sk":{"a":0,"k":21,"ix":4},"sa":{"a":0,"k":0,"ix":5},"nm":"Transform"}],"nm":"Rectangle 1","np":2,"cix":2,"bm":0,"ix":2,"mn":"ADBE Vector Group","hd":false}],"ip":0,"op":154,"st":0,"bm":0},{"ddd":0,"ind":3,"ty":4,"nm":"Shape Layer 2","sr":1,"ks":{"o":{"a":1,"k":[{"i":{"x":[0.667],"y":[1]},"o":{"x":[0.333],"y":[0]},"t":49,"s":[100]},{"i":{"x":[0.667],"y":[1]},"o":{"x":[0.333],"y":[0]},"t":66,"s":[0]},{"i":{"x":[0.667],"y":[1]},"o":{"x":[0.333],"y":[0]},"t":69,"s":[0]},{"t":88,"s":[100]}],"ix":11},"r":{"a":0,"k":0,"ix":10},"p":{"s":true,"x":{"a":0,"k":200,"ix":3},"y":{"a":1,"k":[{"i":{"x":[0.14],"y":[1]},"o":{"x":[0.8],"y":[0]},"t":40.5,"s":[208]},{"i":{"x":[0.14],"y":[1]},"o":{"x":[0.67],"y":[0]},"t":63.001,"s":[248]},{"i":{"x":[0.667],"y":[1]},"o":{"x":[0.67],"y":[0]},"t":72.001,"s":[248]},{"t":98,"s":[208]}],"ix":4}},"a":{"a":0,"k":[0,0,0],"ix":1,"l":2},"s":{"a":0,"k":[100,100,100],"ix":6,"l":2}},"ao":0,"shapes":[{"ty":"gr","it":[{"d":1,"ty":"el","s":{"a":0,"k":[25,25],"ix":2},"p":{"a":0,"k":[42,142],"ix":3},"nm":"Ellipse Path 1","mn":"ADBE Vector Shape - Ellipse","hd":false},{"ty":"fl","c":{"a":0,"k":[0.21960785985,0.243137270212,0.796078503132,1],"ix":4},"o":{"a":0,"k":100,"ix":5},"r":1,"bm":0,"nm":"Fill 1","mn":"ADBE Vector Graphic - Fill","hd":false},{"ty":"tr","p":{"a":0,"k":[3,-26],"ix":2},"a":{"a":0,"k":[0,0],"ix":1},"s":{"a":0,"k":[100,100],"ix":3},"r":{"a":0,"k":29,"ix":6},"o":{"a":0,"k":100,"ix":7},"sk":{"a":0,"k":21,"ix":4},"sa":{"a":0,"k":0,"ix":5},"nm":"Transform"}],"nm":"Rectangle 2","np":2,"cix":2,"bm":0,"ix":1,"mn":"ADBE Vector Group","hd":false},{"ty":"gr","it":[{"ty":"rc","d":1,"s":{"a":0,"k":[119,245],"ix":2},"p":{"a":0,"k":[42,48],"ix":3},"r":{"a":0,"k":20,"ix":4},"nm":"Rectangle Path 1","mn":"ADBE Vector Shape - Rect","hd":false},{"ty":"gf","o":{"a":0,"k":100,"ix":10},"r":1,"bm":0,"g":{"p":3,"k":{"a":0,"k":[0,0.318,0.282,1,0.5,0.249,0.425,1,1,0.18,0.569,1],"ix":9}},"s":{"a":0,"k":[13.491,142.014],"ix":5},"e":{"a":0,"k":[81.506,-69.83],"ix":6},"t":1,"nm":"Gradient Fill 1","mn":"ADBE Vector Graphic - G-Fill","hd":false},{"ty":"tr","p":{"a":0,"k":[3,-26],"ix":2},"a":{"a":0,"k":[0,0],"ix":1},"s":{"a":0,"k":[100,100],"ix":3},"r":{"a":0,"k":29,"ix":6},"o":{"a":0,"k":100,"ix":7},"sk":{"a":0,"k":21,"ix":4},"sa":{"a":0,"k":0,"ix":5},"nm":"Transform"}],"nm":"Rectangle 1","np":2,"cix":2,"bm":0,"ix":2,"mn":"ADBE Vector Group","hd":false}],"ip":0,"op":154,"st":0,"bm":0}],"markers":[]}